symbol,type,entry_time,entry,sl,tp,risk_distance,be_moved,partial_taken,exit_time,exit_price,status,pnl_usd,pnl_points
XAU,SELL,2024-11-28 13:30:00,2646.89,2639.21,2621.01,5.5889285714288235,True,True,2024-11-29 01:00:00,2639.21,BE,143.70726563997243,7.679999999999836
XAU,BUY,2024-12-04 07:30:00,2640.96,2640.96,2655.48,5.574285714285452,True,False,2024-12-04 12:45:00,2640.96,BE,0.0,0.0
XAU,SELL,2024-12-16 06:30:00,2653.03,2657.977857142857,2643.59,4.947857142856719,False,False,2024-12-16 08:15:00,2657.977857142857,SL,-100.0,-4.947857142856719
XAU,BUY,2024-12-18 07:45:00,2644.74,2644.74,2651.35,4.101785714285597,True,False,2024-12-18 08:30:00,2644.74,BE,0.0,0.0
XAU,SELL,2024-12-18 10:15:00,2648.1,2648.1,2642.13,3.3425000000002,True,True,2024-12-18 13:00:00,2642.13,TP,164.30441286461394,5.9699999999998
XAU,SELL,2024-12-19 06:30:00,2613.68,2623.3664285714285,2582.36,9.686428571428678,False,False,2024-12-19 10:45:00,2623.3664285714285,SL,-100.0,-9.686428571428678
XAU,SELL,2024-12-24 07:30:00,2619.84,2616.35,2608.07,3.2692857142856155,True,True,2024-12-24 14:15:00,2616.35,BE,128.37557351977802,3.4900000000002365
XAU,SELL,2025-01-13 08:30:00,2689.06,2689.06,2679.29,5.01357142857114,True,True,2025-01-13 10:00:00,2679.29,TP,172.43553212708906,9.769999999999982
XAU,SELL,2025-01-14 12:15:00,2669.67,2669.67,2656.79,7.934999999999945,True,False,2025-01-14 13:30:00,2669.67,BE,0.0,0.0
XAU,SELL,2025-01-14 15:00:00,2670.41,2677.0725,2656.79,6.662500000000364,False,False,2025-01-14 21:15:00,2677.0725,SL,-100.0,-6.662500000000364
XAU,SELL,2025-01-20 09:45:00,2705.89,2716.495357142857,2689.48,10.605357142856974,False,False,2025-01-21 01:45:00,2716.495357142857,SL,-100.0,-10.605357142856974
XAU,SELL,2025-01-28 11:30:00,2743.49,2747.47,2734.7,3.980000000000018,False,False,2025-01-28 13:30:00,2747.47,SL,-100.0,-3.980000000000018
XAU,SELL,2025-02-04 09:45:00,2820.12,2820.12,2806.84,7.221785714285943,True,False,2025-02-04 12:30:00,2820.12,BE,0.0,0.0
XAU,SELL,2025-02-13 16:15:00,2917.68,2924.7710714285713,2905.72,7.0910714285714675,False,False,2025-02-13 18:45:00,2924.7710714285713,SL,-100.0,-7.0910714285714675
XAU,SELL,2025-02-17 07:00:00,2900.67,2900.67,2876.86,8.624285714285634,True,False,2025-02-18 02:30:00,2900.67,BE,0.0,0.0
XAU,SELL,2025-02-25 12:00:00,2940.45,2940.45,2929.4,4.79107142857174,True,False,2025-02-25 12:15:00,2940.45,BE,0.0,0.0
XAU,SELL,2025-03-10 06:45:00,2914.15,2914.15,2901.93,6.7942857142857065,True,True,2025-03-10 08:15:00,2901.93,TP,164.92851135408102,12.220000000000255
XAU,BUY,2025-03-17 13:15:00,2987.38,2997.55,3000.95,8.110357142857083,True,True,2025-03-17 20:00:00,3000.95,TP,158.6584614029668,13.569999999999709
XAU,BUY,2025-03-19 08:00:00,3032.4,3024.9367857142856,3045.18,7.463214285714457,False,False,2025-03-19 08:45:00,3024.9367857142856,SL,-100.0,-7.463214285714457
XAU,BUY,2025-04-01 11:15:00,3130.69,3119.574642857143,3148.82,11.115357142857192,False,False,2025-04-01 15:30:00,3119.574642857143,SL,-100.0,-11.115357142857192
XAU,BUY,2025-04-02 07:00:00,3113.66,3126.89,3135.49,9.118928571428569,True,True,2025-04-02 10:15:00,3126.89,BE,147.54141698977804,13.230000000000018
XAU,BUY,2025-04-03 09:45:00,3121.63,3108.7442857142855,3167.71,12.885714285714585,False,False,2025-04-03 10:15:00,3108.7442857142855,SL,-100.0,-12.885714285714585
XAU,BUY,2025-04-14 10:00:00,3220.3,3210.1732142857145,3245.52,10.126785714285688,False,False,2025-04-14 10:15:00,3210.1732142857145,SL,-100.0,-10.126785714285688
XAU,BUY,2025-04-17 06:00:00,3330.64,3314.3142857142857,3357.67,16.325714285714184,False,False,2025-04-17 07:15:00,3314.3142857142857,SL,-100.0,-16.325714285714184
XAU,BUY,2025-04-22 10:45:00,3452.31,3433.0400000000004,3500.1,19.269999999999527,False,False,2025-04-22 12:45:00,3433.0400000000004,SL,-100.0,-19.269999999999527
XAU,SELL,2025-04-24 16:00:00,3335.14,3351.9389285714287,3306.47,16.79892857142886,False,False,2025-04-24 22:00:00,3351.9389285714287,SL,-100.0,-16.79892857142886
XAU,BUY,2025-04-29 08:45:00,3311.46,3311.46,3352.97,12.941428571428787,True,False,2025-04-29 23:15:00,3311.46,BE,0.0,0.0
XAU,BUY,2025-05-07 08:45:00,3382.63,3382.63,3438.08,32.89535714285739,True,False,2025-05-08 04:45:00,3382.63,BE,0.0,0.0
XAU,BUY,2025-05-21 14:00:00,3298.77,3302.83,3320.59,14.4050000000002,True,True,2025-05-21 19:00:00,3320.59,TP,150.737591114196,21.820000000000164
XAU,BUY,2025-06-03 08:15:00,3361.75,3345.9564285714287,3392.0,15.79357142857134,False,False,2025-06-03 13:45:00,3345.9564285714287,SL,-100.0,-15.79357142857134
XAU,BUY,2025-06-04 06:00:00,3352.49,3352.49,3372.47,10.374999999999545,True,False,2025-06-04 08:00:00,3352.49,BE,0.0,0.0
XAU,BUY,2025-06-11 15:45:00,3333.08,3320.275,3360.64,12.804999999999836,False,False,2025-06-11 17:30:00,3320.275,SL,-100.0,-12.804999999999836
XAU,BUY,2025-06-18 07:15:00,3378.22,3378.22,3400.03,11.762857142856774,True,False,2025-06-18 09:45:00,3378.22,BE,0.0,0.0
XAU,BUY,2025-06-18 11:00:00,3381.49,3381.49,3400.03,10.072142857142808,True,True,2025-06-18 14:15:00,3381.49,BE,75.0,0.0
XAU,SELL,2025-06-18 16:00:00,3390.49,3390.49,3373.83,10.96785714285761,True,True,2025-06-18 19:00:00,3373.83,TP,150.94920221425855,16.659999999999854
XAU,BUY,2025-06-25 11:15:00,3325.32,3318.417142857143,3337.07,6.902857142857101,False,False,2025-06-25 12:45:00,3318.417142857143,SL,-100.0,-6.902857142857101
XAU,BUY,2025-06-26 06:00:00,3332.53,3332.53,3342.99,6.771071428571759,True,True,2025-06-26 07:00:00,3342.99,TP,152.2403607785152,10.459999999999582
XAU,BUY,2025-06-30 13:00:00,3280.78,3280.78,3296.66,10.322500000000218,True,True,2025-06-30 16:45:00,3296.66,TP,151.91935093242586,15.879999999999654
XAU,SELL,2025-07-02 13:30:00,3343.65,3343.65,3327.58,4.222857142857265,True,True,2025-07-02 13:45:00,3343.65,BE,75.0,0.0
XAU,BUY,2025-07-08 07:30:00,3332.56,3324.0632142857144,3345.65,8.49678571428558,False,False,2025-07-08 08:45:00,3324.0632142857144,SL,-100.0,-8.49678571428558
XAU,BUY,2025-07-16 07:00:00,3337.6,3320.860714285714,3366.67,16.73928571428587,False,False,2025-07-16 14:30:00,3320.860714285714,SL,-100.0,-16.73928571428587
XAU,BUY,2025-07-17 09:00:00,3328.33,3321.881785714286,3377.43,6.44821428571413,False,False,2025-07-17 12:30:00,3321.881785714286,SL,-100.0,-6.44821428571413
XAU,SELL,2025-08-06 16:30:00,3375.98,3375.98,3358.04,6.380000000000109,True,False,2025-08-06 17:45:00,3375.98,BE,0.0,0.0
XAU,BUY,2025-08-07 12:00:00,3376.19,3376.19,3397.35,9.177499999999782,True,True,2025-08-07 14:00:00,3376.19,BE,75.0,0.0
XAU,BUY,2025-08-12 09:45:00,3345.58,3337.8992857142857,3357.91,7.680714285714203,False,False,2025-08-12 11:30:00,3337.8992857142857,SL,-100.0,-7.680714285714203
XAU,BUY,2025-08-13 16:45:00,3357.83,3350.2967857142858,3370.65,7.533214285714166,False,False,2025-08-13 18:15:00,3350.2967857142858,SL,-100.0,-7.533214285714166
XAU,BUY,2025-08-18 10:45:00,3346.66,3340.6207142857143,3358.22,6.039285714285597,False,False,2025-08-18 13:15:00,3340.6207142857143,SL,-100.0,-6.039285714285597
XAU,SELL,2025-08-20 10:00:00,3325.7,3329.4675,3311.38,3.767500000000382,False,False,2025-08-20 11:15:00,3329.4675,SL,-100.0,-3.767500000000382
XAU,BUY,2025-08-21 10:15:00,3339.54,3332.1096428571427,3352.09,7.430357142857247,False,False,2025-08-21 10:30:00,3332.1096428571427,SL,-100.0,-7.430357142857247
XAU,BUY,2025-08-25 08:00:00,3365.46,3365.46,3378.72,8.009642857142808,True,False,2025-08-25 19:45:00,3365.46,BE,0.0,0.0
XAU,BUY,2025-08-26 09:30:00,3372.27,3372.27,3386.59,9.25321428571442,True,False,2025-08-26 12:45:00,3372.27,BE,0.0,0.0
XAU,BUY,2025-08-27 06:45:00,3377.5,3377.5,3393.91,6.238571428571049,True,False,2025-08-27 10:00:00,3377.5,BE,0.0,0.0
XAU,SELL,2025-08-27 13:00:00,3382.34,3382.34,3373.53,5.7589285714284415,True,False,2025-08-27 14:15:00,3382.34,BE,0.0,0.0
XAU,BUY,2025-09-01 09:15:00,3471.34,3474.21,3489.66,9.574999999999818,True,True,2025-09-02 01:15:00,3489.66,TP,170.66579634464782,18.31999999999971
XAU,SELL,2025-09-04 15:30:00,3549.87,3564.9385714285713,3511.03,15.068571428571431,False,False,2025-09-05 12:30:00,3564.9385714285713,SL,-100.0,-15.068571428571431
XAU,BUY,2025-09-09 08:00:00,3642.72,3643.76,3659.18,10.319285714285343,True,True,2025-09-09 13:15:00,3659.18,TP,154.7535820585619,16.460000000000036
XAU,SELL,2025-09-10 09:00:00,3646.29,3652.5274999999997,3619.85,6.237499999999727,False,False,2025-09-10 09:45:00,3652.5274999999997,SL,-100.0,-6.237499999999727
XAU,SELL,2025-09-10 13:00:00,3646.22,3634.37,3619.85,15.38892857142855,True,True,2025-09-11 06:30:00,3634.37,BE,113.50170577177445,11.849999999999909
XAU,SELL,2025-09-15 08:30:00,3641.84,3649.8721428571425,3626.53,8.03214285714239,False,False,2025-09-15 12:45:00,3649.8721428571425,SL,-100.0,-8.03214285714239
XAU,SELL,2025-09-18 12:30:00,3668.81,3668.81,3633.95,9.676071428571504,True,True,2025-09-18 13:30:00,3633.95,TP,255.1350902447119,34.86000000000013
XAU,BUY,2025-09-24 13:30:00,3762.59,3754.9589285714283,3779.05,7.631071428571886,False,False,2025-09-24 14:15:00,3754.9589285714283,SL,-100.0,-7.631071428571886
XAU,BUY,2025-10-01 06:00:00,3858.62,3858.62,3875.32,7.5285714285714675,True,False,2025-10-01 06:45:00,3858.62,BE,0.0,0.0
XAU,BUY,2025-10-01 16:00:00,3867.22,3879.95,3895.26,17.9121428571425,True,True,2025-10-02 13:30:00,3895.26,TP,153.27092554931085,28.04000000000042
XAU,SELL,2025-10-09 08:15:00,4036.73,4051.73,4001.42,15.0,False,False,2025-10-09 12:45:00,4051.73,SL,-100.0,-15.0
XAU,SELL,2025-10-20 07:00:00,4254.5,4287.311428571428,4185.73,32.81142857142822,False,False,2025-10-20 12:15:00,4287.311428571428,SL,-100.0,-32.81142857142822
XAU,BUY,2025-10-22 10:00:00,4075.54,4040.9871428571428,4161.06,34.55285714285719,False,False,2025-10-22 10:45:00,4040.9871428571428,SL,-100.0,-34.55285714285719
XAU,BUY,2025-10-22 15:00:00,4039.01,4088.45,4161.06,44.20357142857165,True,True,2025-10-22 23:00:00,4088.45,BE,130.92308313807797,49.4399999999996
XAU,SELL,2025-11-04 10:15:00,3991.86,3991.86,3966.58,16.046071428571395,True,True,2025-11-04 14:00:00,3966.58,TP,153.77317545460693,25.2800000000002
XAU,SELL,2025-11-17 10:00:00,4087.15,4087.15,4049.67,17.573214285714585,True,False,2025-11-17 13:00:00,4087.15,BE,0.0,0.0
XAU,BUY,2025-11-19 13:45:00,4110.54,4047.733214285714,4211.3,62.80678571428598,False,False,2025-11-20 02:15:00,4047.733214285714,SL,-100.0,-62.80678571428598
XAU,SELL,2025-11-24 12:15:00,4070.62,4083.861785714286,4039.73,13.241785714285925,False,False,2025-11-24 13:15:00,4083.861785714286,SL,-100.0,-13.241785714285925
XAU,BUY,2025-11-25 12:30:00,4117.22,4117.22,4155.74,16.557857142856847,True,True,2025-11-25 14:45:00,4117.22,BE,75.0,0.0
XAU,SELL,2025-12-04 13:45:00,4198.28,4212.459285714286,4174.73,14.17928571428638,False,False,2025-12-04 14:30:00,4212.459285714286,SL,-100.0,-14.17928571428638
XAU,SELL,2025-12-04 15:30:00,4206.36,4213.035000000001,4174.73,6.675000000001091,False,False,2025-12-04 16:00:00,4213.035000000001,SL,-100.0,-6.675000000001091
XAU,SELL,2025-12-09 08:30:00,4190.54,4202.998214285714,4170.05,12.458214285714348,False,False,2025-12-09 09:00:00,4202.998214285714,SL,-100.0,-12.458214285714348
XAU,SELL,2025-12-10 16:30:00,4202.35,4202.35,4187.89,9.368928571428114,True,False,2025-12-10 19:00:00,4202.35,BE,0.0,0.0
XAU,BUY,2025-12-11 09:00:00,4211.78,4211.78,4247.6,14.92107142857094,True,False,2025-12-11 10:30:00,4211.78,BE,0.0,0.0
XAU,BUY,2025-12-11 10:45:00,4216.83,4216.83,4247.6,19.259642857142353,True,True,2025-12-11 15:30:00,4247.6,TP,154.8820627885878,30.770000000000437
XAU,BUY,2025-12-18 07:00:00,4330.76,4319.7699999999995,4349.14,10.990000000000691,False,False,2025-12-18 12:15:00,4319.7699999999995,SL,-100.0,-10.990000000000691
XAU,BUY,2025-12-24 10:30:00,4486.04,4468.8975,4525.77,17.142499999999927,False,False,2025-12-24 14:45:00,4468.8975,SL,-100.0,-17.142499999999927
XAU,SELL,2025-12-30 09:00:00,4373.2,4392.391428571428,4301.89,19.191428571428332,False,False,2025-12-30 12:00:00,4392.391428571428,SL,-100.0,-19.191428571428332
XAU,BUY,2025-12-30 15:30:00,4362.39,4362.39,4404.23,22.161785714285543,True,False,2025-12-30 19:30:00,4362.39,BE,0.0,0.0
XAU,SELL,2026-01-15 09:30:00,4609.37,4621.9632142857145,4581.03,12.593214285714566,False,False,2026-01-15 11:30:00,4621.9632142857145,SL,-100.0,-12.593214285714566
XAU,SELL,2026-01-19 09:00:00,4670.86,4688.814285714286,4536.58,17.954285714286016,False,False,2026-01-20 04:30:00,4688.814285714286,SL,-100.0,-17.954285714286016
XAU,BUY,2026-01-28 14:15:00,5259.0,5259.0,5311.55,34.7728571428579,True,False,2026-01-28 15:00:00,5259.0,BE,0.0,0.0
XAU,BUY,2026-02-04 09:45:00,5060.02,4859.038571428571,5450.98,200.9814285714292,False,False,2026-02-04 16:45:00,4859.038571428571,SL,-100.0,-200.9814285714292
XAU,SELL,2026-02-09 08:15:00,5025.6,5025.6,4655.65,37.24535714285685,True,False,2026-02-09 14:30:00,5025.6,BE,0.0,0.0
XAU,BUY,2026-02-10 07:15:00,5025.11,5025.11,5081.53,27.827499999999418,True,False,2026-02-10 12:30:00,5025.11,BE,0.0,0.0
XAU,BUY,2026-02-12 06:30:00,5057.94,5057.94,5099.41,24.76892857142866,True,False,2026-02-12 10:45:00,5057.94,BE,0.0,0.0
XAU,BUY,2026-02-24 06:15:00,5168.89,5132.378571428571,5249.52,36.51142857142895,False,False,2026-02-24 13:45:00,5132.378571428571,SL,-100.0,-36.51142857142895
XAU,SELL,2026-03-09 12:15:00,5109.84,5109.84,5014.99,50.01535714285728,True,False,2026-03-09 14:30:00,5109.84,BE,0.0,0.0
XAU,SELL,2026-03-16 11:15:00,5019.14,5019.14,4967.49,31.063928571428733,True,False,2026-03-16 12:15:00,5019.14,BE,0.0,0.0
XAU,BUY,2026-03-16 16:30:00,4987.15,4994.56,5037.99,29.618214285714203,True,True,2026-03-17 04:30:00,5037.99,TP,160.8255658318366,50.840000000000146
XAU,BUY,2026-03-17 09:00:00,5014.05,4996.663571428571,5044.7,17.38642857142895,False,False,2026-03-17 10:30:00,4996.663571428571,SL,-100.0,-17.38642857142895
XAU,BUY,2026-03-31 09:30:00,4555.89,4555.89,4619.27,28.015000000000327,True,False,2026-03-31 11:15:00,4555.89,BE,0.0,0.0
XAU,SELL,2026-04-07 06:45:00,4653.16,4677.996071428572,4615.9,24.836071428571813,False,False,2026-04-07 08:15:00,4677.996071428572,SL,-100.0,-24.836071428571813
XAU,BUY,2026-04-07 13:30:00,4639.54,4614.255,4694.48,25.284999999999854,False,False,2026-04-07 14:00:00,4614.255,SL,-100.0,-25.284999999999854
XAU,BUY,2026-04-07 14:15:00,4645.29,4657.36,4694.48,32.103928571428696,True,True,2026-04-07 19:15:00,4694.48,TP,151.6105616802563,49.1899999999996
XAU,SELL,2026-04-13 12:45:00,4723.42,4723.42,4632.86,26.590000000000146,True,False,2026-04-13 16:15:00,4723.42,BE,0.0,0.0
XAU,BUY,2026-04-15 12:30:00,4811.55,4777.310714285714,4870.55,34.23928571428587,False,False,2026-04-16 14:30:00,4777.310714285714,SL,-100.0,-34.23928571428587
XAU,SELL,2026-04-20 11:30:00,4794.29,4817.0525,4736.57,22.762499999999818,False,False,2026-04-20 12:15:00,4817.0525,SL,-100.0,-22.762499999999818
XAU,BUY,2026-04-21 09:15:00,4782.27,4782.27,4833.38,16.508571428572395,True,False,2026-04-21 12:15:00,4782.27,BE,0.0,0.0
XAU,SELL,2026-04-22 10:30:00,4756.39,4756.39,4668.56,23.692857142857065,True,False,2026-04-22 13:30:00,4756.39,BE,0.0,0.0
XAU,SELL,2026-05-11 15:15:00,4732.9,4732.9,4647.96,26.776071428571413,True,False,2026-05-11 19:45:00,4732.9,BE,0.0,0.0
XAU,BUY,2026-05-12 09:30:00,4695.2,4695.2,4773.71,16.227142857143008,True,False,2026-05-12 10:30:00,4695.2,BE,0.0,0.0
XAU,BUY,2026-05-12 11:15:00,4700.17,4678.442142857143,4773.71,21.72785714285692,False,False,2026-05-12 13:45:00,4678.442142857143,SL,-100.0,-21.72785714285692
XAU,SELL,2026-05-18 07:00:00,4543.35,4563.339642857143,4480.28,19.989642857142826,False,False,2026-05-18 11:30:00,4563.339642857143,SL,-100.0,-19.989642857142826
XAU,BUY,2026-05-18 15:45:00,4543.53,4543.53,4584.11,25.01642857142815,True,False,2026-05-18 19:00:00,4543.53,BE,0.0,0.0
XAU,BUY,2026-05-19 07:30:00,4542.41,4542.41,4589.35,19.31321428571482,True,False,2026-05-19 07:45:00,4542.41,BE,0.0,0.0
XAU,BUY,2026-05-19 08:15:00,4538.24,4522.606428571428,4589.35,15.633571428571486,False,False,2026-05-19 13:00:00,4522.606428571428,SL,-100.0,-15.633571428571486
