left_h1,right_h1,left_m15,right_m15,risk_pct,sl_mode,be_ratio,weekday_filter,total_trades,pct_profit,win_rate
4,2,2,1,0.05,H1,0.8,False,105,8.55530559559411,0.23809523809523808
4,2,2,1,0.03,H1,0.8,False,105,8.242195563145104,0.23809523809523808
2,1,4,2,0.05,H1,0.8,True,73,6.882428157536142,0.2602739726027397
2,1,4,2,0.03,H1,0.8,True,73,6.509907014796845,0.2602739726027397
4,2,2,1,0.02,H1,0.8,False,105,6.490434197555859,0.23809523809523808
2,1,4,2,0.02,H1,0.8,True,73,5.110300710496395,0.2602739726027397
4,2,2,1,0.01,H1,0.8,False,105,3.7197880314396574,0.23809523809523808
4,2,4,2,0.03,H1,0.8,True,67,3.4189726694180718,0.29850746268656714
4,2,4,2,0.02,H1,0.8,True,67,2.9622649975273454,0.29850746268656714
2,1,4,2,0.01,H1,0.8,True,73,2.9268745610811675,0.2602739726027397
4,2,4,2,0.05,H1,0.8,True,67,2.266517551313336,0.29850746268656714
4,2,4,2,0.01,H1,0.8,True,67,1.8170672216911408,0.29850746268656714
4,2,4,2,0.01,H1,0.8,False,77,0.010085297187069955,0.2857142857142857
4,2,2,1,0.01,H1,0.8,True,93,-0.36816103419538193,0.21505376344086022
4,2,4,2,0.02,H1,0.8,False,77,-0.7688139737231541,0.2857142857142857
4,2,2,1,0.02,H1,0.8,True,93,-1.4932339777143897,0.21505376344086022
4,2,4,2,0.03,H1,0.8,False,77,-2.3121620547307065,0.2857142857142857
2,1,4,2,0.01,H1,0.8,False,90,-2.987056250050355,0.24444444444444444
4,2,2,1,0.03,H1,0.8,True,93,-3.344672993235599,0.21505376344086022
2,1,4,2,0.02,H1,0.8,False,90,-6.7728320224656455,0.24444444444444444
4,2,4,2,0.05,H1,0.8,False,77,-7.512982077579018,0.2857142857142857
4,2,2,1,0.05,H1,0.8,True,93,-9.03109759085668,0.21505376344086022
2,1,4,2,0.03,H1,0.8,False,90,-11.248087680332665,0.24444444444444444
2,1,2,1,0.01,H1,0.8,True,110,-11.3939331432178,0.16363636363636364
2,1,2,1,0.01,H1,0.8,False,135,-14.358002857481441,0.17777777777777778
2,1,4,2,0.05,H1,0.8,False,90,-21.77430009941644,0.24444444444444444
4,2,4,2,0.01,M15,0.8,False,244,-22.172668387247395,0.1762295081967213
2,1,2,1,0.02,H1,0.8,True,110,-22.225689484515005,0.16363636363636364
4,2,4,2,0.01,M15,0.8,True,207,-23.817056695953,0.16908212560386474
2,1,4,2,0.01,M15,0.8,True,180,-25.096247651979102,0.16111111111111112
2,1,2,1,0.02,H1,0.8,False,135,-27.52465455068669,0.17777777777777778
2,1,4,2,0.01,M15,0.8,False,216,-30.6745457057354,0.1527777777777778
2,1,2,1,0.03,H1,0.8,True,110,-32.37043489576635,0.16363636363636364
4,2,2,1,0.01,M15,0.8,False,351,-32.618732420645344,0.1623931623931624
2,1,2,1,0.01,M15,0.8,True,255,-38.9404513398199,0.13725490196078433
4,2,2,1,0.01,M15,0.8,True,294,-39.08512818418659,0.15306122448979592
2,1,2,1,0.03,H1,0.8,False,135,-39.391277689478606,0.17777777777777778
4,2,4,2,0.02,M15,0.8,False,244,-40.66318981645637,0.1762295081967213
4,2,4,2,0.02,M15,0.8,True,207,-42.96716219345132,0.16908212560386474
2,1,4,2,0.02,M15,0.8,True,180,-44.806450097805026,0.16111111111111112
2,1,2,1,0.01,M15,0.8,False,306,-45.25679522465348,0.13725490196078433
2,1,2,1,0.05,H1,0.8,True,110,-50.27505613982234,0.16363636363636364
2,1,4,2,0.02,M15,0.8,False,216,-52.86930157680841,0.1527777777777778
4,2,4,2,0.03,M15,0.8,False,244,-55.677080852480465,0.1762295081967213
4,2,2,1,0.02,M15,0.8,False,351,-56.11238836106966,0.1623931623931624
4,2,4,2,0.03,M15,0.8,True,207,-58.0397894505788,0.16908212560386474
2,1,2,1,0.05,H1,0.8,False,135,-59.09075371527726,0.17777777777777778
2,1,4,2,0.03,M15,0.8,True,180,-59.98838035474232,0.16111111111111112
2,1,2,1,0.02,M15,0.8,True,255,-63.508612000206654,0.13725490196078433
4,2,2,1,0.02,M15,0.8,True,294,-63.79500098197899,0.15306122448979592
2,1,4,2,0.03,M15,0.8,False,216,-68.57499708634292,0.1527777777777778
2,1,2,1,0.02,M15,0.8,False,306,-70.82301386296305,0.13725490196078433
4,2,2,1,0.03,M15,0.8,False,351,-72.35160437534208,0.1623931623931624
4,2,4,2,0.05,M15,0.8,False,244,-76.73332054731696,0.1762295081967213
4,2,4,2,0.05,M15,0.8,True,207,-78.43729098908364,0.16908212560386474
2,1,2,1,0.03,M15,0.8,True,255,-78.65266504452484,0.13725490196078433
4,2,2,1,0.03,M15,0.8,True,294,-79.00179258565416,0.15306122448979592
2,1,4,2,0.05,M15,0.8,True,180,-79.97323242618648,0.16111111111111112
2,1,2,1,0.03,M15,0.8,False,306,-84.85798240031268,0.13725490196078433
2,1,4,2,0.05,M15,0.8,False,216,-86.8168292851596,0.1527777777777778
4,2,2,1,0.05,M15,0.8,False,351,-90.05194823672933,0.1623931623931624
2,1,2,1,0.05,M15,0.8,True,255,-93.14700132567938,0.13725490196078433
4,2,2,1,0.05,M15,0.8,True,294,-93.43491110309753,0.15306122448979592
2,1,2,1,0.05,M15,0.8,False,306,-96.23371106742869,0.13725490196078433
